id,user_id,date,status
1,307,2023-01-01,remote
2,15,2023-01-02,remote
3,176,2023-01-03,
4,481,2023-01-04,present
5,282,2023-01-05,present
6,142,2023-01-06,
7,80,2023-01-07,remote
8,72,2023-01-08,present
9,400,2023-01-09,absent
10,73,2023-01-10,absent
11,52,2023-01-11,present
12,351,2023-01-12,
13,209,2023-01-13,present
14,134,2023-01-14,absent
15,357,2023-01-15,present
16,412,2023-01-16,remote
17,88,2023-01-17,present
18,358,2023-01-18,absent
19,190,2023-01-19,absent
20,281,2023-01-20,absent
21,428,2023-01-21,remote
22,377,2023-01-22,
23,283,2023-01-23,absent
24,328,2023-01-24,present
25,147,2023-01-25,
26,142,2023-01-26,
27,278,2023-01-27,absent
28,35,2023-01-28,
29,150,2023-01-29,remote
30,59,2023-01-30,present
31,492,2023-01-31,remote
32,346,2023-02-01,absent
33,291,2023-02-02,absent
34,159,2023-02-03,absent
35,489,2023-02-04,remote
36,70,2023-02-05,
37,37,2023-02-06,absent
38,456,2023-02-07,remote
39,349,2023-02-08,remote
40,192,2023-02-09,absent
41,17,2023-02-10,remote
42,103,2023-02-11,
43,19,2023-02-12,absent
44,400,2023-02-13,
45,20,2023-02-14,remote
46,496,2023-02-15,remote
47,418,2023-02-16,remote
48,132,2023-02-17,remote
49,20,2023-02-18,
50,259,2023-02-19,remote
51,300,2023-02-20,absent
52,111,2023-02-21,
53,73,2023-02-22,remote
54,359,2023-02-23,
55,443,2023-02-24,present
56,256,2023-02-25,present
57,282,2023-02-26,present
58,309,2023-02-27,remote
59,186,2023-02-28,remote
60,219,2023-03-01,absent
61,45,2023-03-02,remote
62,158,2023-03-03,
63,261,2023-03-04,
64,345,2023-03-05,present
65,85,2023-03-06,
66,24,2023-03-07,remote
67,130,2023-03-08,absent
68,438,2023-03-09,present
69,277,2023-03-10,absent
70,236,2023-03-11,remote
71,294,2023-03-12,
72,497,2023-03-13,absent
73,211,2023-03-14,absent
74,437,2023-03-15,present
75,356,2023-03-16,
76,128,2023-03-17,present
77,101,2023-03-18,present
78,242,2023-03-19,absent
79,180,2023-03-20,absent
80,432,2023-03-21,absent
81,347,2023-03-22,remote
82,299,2023-03-23,absent
83,374,2023-03-24,absent
84,256,2023-03-25,absent
85,73,2023-03-26,present
86,250,2023-03-27,
87,419,2023-03-28,present
88,171,2023-03-29,
89,13,2023-03-30,present
90,306,2023-03-31,absent
91,200,2023-04-01,
92,248,2023-04-02,
93,188,2023-04-03,present
94,173,2023-04-04,absent
95,483,2023-04-05,present
96,150,2023-04-06,present
97,125,2023-04-07,absent
98,340,2023-04-08,
99,268,2023-04-09,present
100,429,2023-04-10,present
101,415,2023-04-11,absent
102,127,2023-04-12,
103,136,2023-04-13,remote
104,454,2023-04-14,present
105,8,2023-04-15,
106,380,2023-04-16,remote
107,405,2023-04-17,absent
108,399,2023-04-18,absent
109,452,2023-04-19,remote
110,162,2023-04-20,remote
111,411,2023-04-21,remote
112,490,2023-04-22,
113,492,2023-04-23,
114,71,2023-04-24,remote
115,435,2023-04-25,present
116,321,2023-04-26,
117,309,2023-04-27,absent
118,101,2023-04-28,remote
119,204,2023-04-29,remote
120,393,2023-04-30,
121,426,2023-05-01,absent
122,184,2023-05-02,
123,403,2023-05-03,remote
124,15,2023-05-04,absent
125,116,2023-05-05,
126,342,2023-05-06,
127,211,2023-05-07,absent
128,161,2023-05-08,
129,185,2023-05-09,
130,298,2023-05-10,remote
131,452,2023-05-11,present
132,144,2023-05-12,
133,442,2023-05-13,remote
134,200,2023-05-14,
135,427,2023-05-15,present
136,286,2023-05-16,
137,322,2023-05-17,present
138,457,2023-05-18,absent
139,380,2023-05-19,present
140,335,2023-05-20,remote
141,341,2023-05-21,present
142,172,2023-05-22,absent
143,351,2023-05-23,present
144,421,2023-05-24,present
145,462,2023-05-25,absent
146,89,2023-05-26,remote
147,264,2023-05-27,remote
148,388,2023-05-28,present
149,217,2023-05-29,absent
150,213,2023-05-30,absent
151,194,2023-05-31,remote
152,371,2023-06-01,absent
153,61,2023-06-02,
154,347,2023-06-03,remote
155,228,2023-06-04,remote
156,215,2023-06-05,present
157,349,2023-06-06,remote
158,241,2023-06-07,present
159,158,2023-06-08,remote
160,413,2023-06-09,present
161,279,2023-06-10,
162,93,2023-06-11,present
163,171,2023-06-12,remote
164,403,2023-06-13,present
165,61,2023-06-14,
166,13,2023-06-15,
167,117,2023-06-16,present
168,390,2023-06-17,present
169,111,2023-06-18,absent
170,6,2023-06-19,present
171,93,2023-06-20,
172,103,2023-06-21,remote
173,355,2023-06-22,
174,194,2023-06-23,absent
175,49,2023-06-24,absent
176,474,2023-06-25,absent
177,213,2023-06-26,
178,288,2023-06-27,absent
179,413,2023-06-28,
180,464,2023-06-29,remote
181,175,2023-06-30,present
182,179,2023-07-01,
183,346,2023-07-02,present
184,103,2023-07-03,present
185,5,2023-07-04,absent
186,81,2023-07-05,
187,314,2023-07-06,remote
188,335,2023-07-07,present
189,230,2023-07-08,
190,69,2023-07-09,present
191,244,2023-07-10,present
192,124,2023-07-11,
193,112,2023-07-12,remote
194,412,2023-07-13,absent
195,468,2023-07-14,present
196,95,2023-07-15,present
197,453,2023-07-16,absent
198,340,2023-07-17,absent
199,17,2023-07-18,remote
200,198,2023-07-19,remote
201,323,2023-07-20,absent
202,196,2023-07-21,
203,320,2023-07-22,absent
204,125,2023-07-23,present
205,78,2023-07-24,
206,118,2023-07-25,present
207,3,2023-07-26,present
208,246,2023-07-27,remote
209,274,2023-07-28,remote
210,140,2023-07-29,absent
211,126,2023-07-30,
212,58,2023-07-31,
213,374,2023-08-01,
214,241,2023-08-02,
215,251,2023-08-03,present
216,203,2023-08-04,remote
217,460,2023-08-05,present
218,286,2023-08-06,remote
219,481,2023-08-07,remote
220,384,2023-08-08,present
221,20,2023-08-09,present
222,327,2023-08-10,absent
223,137,2023-08-11,remote
224,349,2023-08-12,
225,312,2023-08-13,present
226,445,2023-08-14,present
227,327,2023-08-15,
228,201,2023-08-16,present
229,386,2023-08-17,
230,194,2023-08-18,present
231,93,2023-08-19,
232,102,2023-08-20,remote
233,115,2023-08-21,
234,60,2023-08-22,
235,129,2023-08-23,absent
236,32,2023-08-24,
237,263,2023-08-25,
238,428,2023-08-26,present
239,354,2023-08-27,
240,444,2023-08-28,
241,224,2023-08-29,present
242,414,2023-08-30,present
243,431,2023-08-31,present
244,325,2023-09-01,absent
245,253,2023-09-02,remote
246,150,2023-09-03,present
247,493,2023-09-04,remote
248,324,2023-09-05,remote
249,234,2023-09-06,remote
250,52,2023-09-07,present
251,281,2023-09-08,present
252,412,2023-09-09,remote
253,26,2023-09-10,remote
254,411,2023-09-11,absent
255,358,2023-09-12,
256,283,2023-09-13,
257,307,2023-09-14,absent
258,22,2023-09-15,remote
259,33,2023-09-16,present
260,35,2023-09-17,absent
261,148,2023-09-18,
262,258,2023-09-19,
263,59,2023-09-20,present
264,253,2023-09-21,
265,266,2023-09-22,present
266,125,2023-09-23,remote
267,211,2023-09-24,remote
268,79,2023-09-25,absent
269,397,2023-09-26,remote
270,277,2023-09-27,present
271,107,2023-09-28,absent
272,168,2023-09-29,remote
273,69,2023-09-30,absent
274,347,2023-10-01,absent
275,251,2023-10-02,absent
276,216,2023-10-03,remote
277,10,2023-10-04,
278,141,2023-10-05,absent
279,69,2023-10-06,present
280,95,2023-10-07,present
281,208,2023-10-08,absent
282,399,2023-10-09,present
283,333,2023-10-10,
284,90,2023-10-11,
285,65,2023-10-12,remote
286,199,2023-10-13,absent
287,60,2023-10-14,remote
288,164,2023-10-15,present
289,496,2023-10-16,
290,346,2023-10-17,
291,305,2023-10-18,remote
292,332,2023-10-19,
293,154,2023-10-20,remote
294,114,2023-10-21,remote
295,321,2023-10-22,absent
296,199,2023-10-23,present
297,469,2023-10-24,present
298,395,2023-10-25,absent
299,200,2023-10-26,present
300,92,2023-10-27,remote
301,335,2023-10-28,
302,419,2023-10-29,absent
303,318,2023-10-30,remote
304,92,2023-10-31,present
305,402,2023-11-01,present
306,123,2023-11-02,remote
307,6,2023-11-03,present
308,298,2023-11-04,remote
309,197,2023-11-05,remote
310,118,2023-11-06,
311,75,2023-11-07,absent
312,189,2023-11-08,present
313,291,2023-11-09,absent
314,384,2023-11-10,remote
315,292,2023-11-11,
316,327,2023-11-12,present
317,163,2023-11-13,
318,153,2023-11-14,absent
319,161,2023-11-15,present
320,262,2023-11-16,remote
321,185,2023-11-17,present
322,197,2023-11-18,remote
323,352,2023-11-19,present
324,478,2023-11-20,
325,261,2023-11-21,remote
326,50,2023-11-22,present
327,21,2023-11-23,remote
328,344,2023-11-24,
329,142,2023-11-25,present
330,28,2023-11-26,
331,432,2023-11-27,
332,100,2023-11-28,
333,280,2023-11-29,remote
334,456,2023-11-30,
335,31,2023-12-01,absent
336,175,2023-12-02,absent
337,28,2023-12-03,absent
338,220,2023-12-04,
339,345,2023-12-05,remote
340,350,2023-12-06,remote
341,129,2023-12-07,absent
342,238,2023-12-08,
343,201,2023-12-09,absent
344,54,2023-12-10,present
345,48,2023-12-11,present
346,241,2023-12-12,
347,305,2023-12-13,absent
348,458,2023-12-14,present
349,472,2023-12-15,remote
350,297,2023-12-16,
351,337,2023-12-17,present
352,227,2023-12-18,present
353,343,2023-12-19,
354,332,2023-12-20,present
355,374,2023-12-21,absent
356,289,2023-12-22,present
357,227,2023-12-23,remote
358,318,2023-12-24,present
359,32,2023-12-25,absent
360,104,2023-12-26,present
361,399,2023-12-27,remote
362,428,2023-12-28,remote
363,196,2023-12-29,
364,338,2023-12-30,present
365,381,2023-12-31,
366,288,2024-01-01,
367,74,2024-01-02,present
368,6,2024-01-03,present
369,35,2024-01-04,remote
370,267,2024-01-05,present
371,497,2024-01-06,present
372,339,2024-01-07,remote
373,156,2024-01-08,
374,12,2024-01-09,
375,251,2024-01-10,remote
376,491,2024-01-11,present
377,483,2024-01-12,remote
378,265,2024-01-13,remote
379,296,2024-01-14,remote
380,498,2024-01-15,remote
381,164,2024-01-16,present
382,412,2024-01-17,remote
383,100,2024-01-18,remote
384,131,2024-01-19,remote
385,456,2024-01-20,absent
386,420,2024-01-21,present
387,262,2024-01-22,remote
388,129,2024-01-23,absent
389,239,2024-01-24,absent
390,15,2024-01-25,present
391,206,2024-01-26,
392,30,2024-01-27,remote
393,108,2024-01-28,
394,312,2024-01-29,remote
395,440,2024-01-30,
396,443,2024-01-31,remote
397,28,2024-02-01,
398,480,2024-02-02,remote
399,256,2024-02-03,
400,82,2024-02-04,present
401,374,2024-02-05,remote
402,333,2024-02-06,present
403,481,2024-02-07,present
404,20,2024-02-08,
405,326,2024-02-09,absent
406,232,2024-02-10,
407,91,2024-02-11,remote
408,480,2024-02-12,present
409,417,2024-02-13,
410,436,2024-02-14,remote
411,59,2024-02-15,
412,379,2024-02-16,remote
413,300,2024-02-17,present
414,489,2024-02-18,remote
415,318,2024-02-19,present
416,204,2024-02-20,present
417,200,2024-02-21,absent
418,382,2024-02-22,
419,464,2024-02-23,present
420,273,2024-02-24,remote
421,466,2024-02-25,remote
422,5,2024-02-26,remote
423,32,2024-02-27,
424,396,2024-02-28,
425,79,2024-02-29,
426,487,2024-03-01,absent
427,198,2024-03-02,remote
428,102,2024-03-03,absent
429,100,2024-03-04,present
430,252,2024-03-05,present
431,178,2024-03-06,
432,257,2024-03-07,remote
433,89,2024-03-08,absent
434,234,2024-03-09,present
435,132,2024-03-10,absent
436,103,2024-03-11,present
437,443,2024-03-12,remote
438,486,2024-03-13,absent
439,360,2024-03-14,absent
440,140,2024-03-15,
441,358,2024-03-16,absent
442,253,2024-03-17,present
443,225,2024-03-18,
444,127,2024-03-19,present
445,439,2024-03-20,
446,421,2024-03-21,
447,314,2024-03-22,
448,307,2024-03-23,remote
449,112,2024-03-24,absent
450,31,2024-03-25,remote
451,277,2024-03-26,remote
452,326,2024-03-27,present
453,278,2024-03-28,
454,135,2024-03-29,present
455,499,2024-03-30,present
456,435,2024-03-31,remote
457,470,2024-04-01,remote
458,166,2024-04-02,remote
459,42,2024-04-03,
460,319,2024-04-04,absent
461,292,2024-04-05,absent
462,238,2024-04-06,remote
463,244,2024-04-07,present
464,5,2024-04-08,present
465,305,2024-04-09,remote
466,224,2024-04-10,remote
467,293,2024-04-11,absent
468,226,2024-04-12,remote
469,88,2024-04-13,remote
470,63,2024-04-14,absent
471,143,2024-04-15,
472,323,2024-04-16,absent
473,139,2024-04-17,present
474,87,2024-04-18,present
475,357,2024-04-19,remote
476,358,2024-04-20,absent
477,425,2024-04-21,present
478,328,2024-04-22,absent
479,385,2024-04-23,remote
480,58,2024-04-24,present
481,442,2024-04-25,remote
482,351,2024-04-26,absent
483,223,2024-04-27,remote
484,264,2024-04-28,remote
485,337,2024-04-29,remote
486,393,2024-04-30,absent
487,13,2024-05-01,absent
488,83,2024-05-02,
489,233,2024-05-03,
490,333,2024-05-04,
491,39,2024-05-05,remote
492,5,2024-05-06,remote
493,165,2024-05-07,present
494,345,2024-05-08,absent
495,415,2024-05-09,present
496,326,2024-05-10,present
497,465,2024-05-11,
498,35,2024-05-12,present
499,323,2024-05-13,remote
500,11,2024-05-14,remote
501,251,2024-05-15,present
502,91,2024-05-16,
503,383,2024-05-17,remote
504,301,2024-05-18,remote
505,180,2024-05-19,
506,282,2024-05-20,absent
507,141,2024-05-21,absent
508,245,2024-05-22,present
509,377,2024-05-23,remote
510,283,2024-05-24,absent
511,315,2024-05-25,
512,167,2024-05-26,remote
513,356,2024-05-27,absent
514,308,2024-05-28,remote
515,251,2024-05-29,
516,199,2024-05-30,absent
517,415,2024-05-31,
518,442,2024-06-01,remote
519,329,2024-06-02,remote
520,238,2024-06-03,absent
521,119,2024-06-04,remote
522,24,2024-06-05,present
523,306,2024-06-06,present
524,106,2024-06-07,absent
525,172,2024-06-08,absent
526,388,2024-06-09,
527,443,2024-06-10,remote
528,267,2024-06-11,remote
529,376,2024-06-12,
530,335,2024-06-13,absent
531,15,2024-06-14,present
532,129,2024-06-15,absent
533,443,2024-06-16,absent
534,290,2024-06-17,remote
535,79,2024-06-18,remote
536,134,2024-06-19,present
537,170,2024-06-20,remote
538,140,2024-06-21,absent
539,136,2024-06-22,absent
540,364,2024-06-23,
541,82,2024-06-24,remote
542,335,2024-06-25,present
543,237,2024-06-26,absent
544,10,2024-06-27,absent
545,242,2024-06-28,absent
546,342,2024-06-29,present
547,370,2024-06-30,remote
548,169,2024-07-01,remote
549,437,2024-07-02,remote
550,25,2024-07-03,absent
551,46,2024-07-04,
552,414,2024-07-05,present
553,64,2024-07-06,remote
554,146,2024-07-07,absent
555,181,2024-07-08,
556,312,2024-07-09,present
557,264,2024-07-10,
558,141,2024-07-11,remote
559,213,2024-07-12,absent
560,318,2024-07-13,absent
561,229,2024-07-14,present
562,239,2024-07-15,
563,43,2024-07-16,present
564,196,2024-07-17,absent
565,214,2024-07-18,absent
566,422,2024-07-19,remote
567,328,2024-07-20,present
568,367,2024-07-21,absent
569,332,2024-07-22,
570,46,2024-07-23,absent
571,265,2024-07-24,
572,482,2024-07-25,absent
573,373,2024-07-26,absent
574,187,2024-07-27,present
575,426,2024-07-28,absent
576,103,2024-07-29,absent
577,1,2024-07-30,absent
578,401,2024-07-31,present
579,156,2024-08-01,
580,221,2024-08-02,absent
581,364,2024-08-03,
582,274,2024-08-04,remote
583,460,2024-08-05,
584,494,2024-08-06,remote
585,412,2024-08-07,
586,99,2024-08-08,present
587,169,2024-08-09,remote
588,83,2024-08-10,
589,498,2024-08-11,remote
590,331,2024-08-12,
591,27,2024-08-13,present
592,17,2024-08-14,absent
593,244,2024-08-15,absent
594,452,2024-08-16,present
595,415,2024-08-17,remote
596,398,2024-08-18,remote
597,198,2024-08-19,remote
598,351,2024-08-20,remote
599,497,2024-08-21,remote
600,437,2024-08-22,absent
601,387,2024-08-23,absent
602,361,2024-08-24,present
603,185,2024-08-25,absent
604,31,2024-08-26,present
605,331,2024-08-27,absent
606,359,2024-08-28,absent
607,196,2024-08-29,present
608,283,2024-08-30,absent
609,419,2024-08-31,absent
610,72,2024-09-01,absent
611,5,2024-09-02,
612,239,2024-09-03,present
613,284,2024-09-04,absent
614,375,2024-09-05,absent
615,126,2024-09-06,remote
616,224,2024-09-07,present
617,173,2024-09-08,absent
618,353,2024-09-09,absent
619,281,2024-09-10,present
620,228,2024-09-11,remote
621,12,2024-09-12,absent
622,252,2024-09-13,present
623,124,2024-09-14,absent
624,188,2024-09-15,remote
625,200,2024-09-16,absent
626,151,2024-09-17,absent
627,191,2024-09-18,absent
628,453,2024-09-19,remote
629,16,2024-09-20,absent
630,72,2024-09-21,
631,389,2024-09-22,
632,240,2024-09-23,absent
633,164,2024-09-24,
634,413,2024-09-25,remote
635,141,2024-09-26,
636,428,2024-09-27,remote
637,11,2024-09-28,
638,6,2024-09-29,absent
639,73,2024-09-30,
640,398,2024-10-01,remote
641,113,2024-10-02,present
642,388,2024-10-03,absent
643,331,2024-10-04,
644,375,2024-10-05,remote
645,96,2024-10-06,remote
646,211,2024-10-07,absent
647,325,2024-10-08,absent
648,222,2024-10-09,present
649,83,2024-10-10,remote
650,139,2024-10-11,
651,46,2024-10-12,
652,178,2024-10-13,
653,251,2024-10-14,present
654,301,2024-10-15,present
655,431,2024-10-16,
656,316,2024-10-17,
657,349,2024-10-18,remote
658,248,2024-10-19,present
659,363,2024-10-20,
660,467,2024-10-21,present
661,47,2024-10-22,absent
662,273,2024-10-23,absent
663,64,2024-10-24,absent
664,25,2024-10-25,present
665,52,2024-10-26,absent
666,485,2024-10-27,
667,372,2024-10-28,
668,136,2024-10-29,absent
669,117,2024-10-30,remote
670,346,2024-10-31,absent
671,133,2024-11-01,present
672,27,2024-11-02,present
673,464,2024-11-03,
674,82,2024-11-04,remote
675,20,2024-11-05,present
676,332,2024-11-06,remote
677,89,2024-11-07,present
678,446,2024-11-08,present
679,463,2024-11-09,absent
680,56,2024-11-10,
681,239,2024-11-11,absent
682,229,2024-11-12,remote
683,11,2024-11-13,absent
684,144,2024-11-14,remote
685,191,2024-11-15,absent
686,306,2024-11-16,remote
687,381,2024-11-17,absent
688,48,2024-11-18,absent
689,377,2024-11-19,remote
690,454,2024-11-20,present
691,375,2024-11-21,absent
692,59,2024-11-22,absent
693,419,2024-11-23,
694,312,2024-11-24,absent
695,114,2024-11-25,
696,394,2024-11-26,present
697,74,2024-11-27,absent
698,196,2024-11-28,absent
699,242,2024-11-29,absent
700,106,2024-11-30,absent
701,419,2024-12-01,present
702,258,2024-12-02,
703,333,2024-12-03,absent
704,212,2024-12-04,present
705,432,2024-12-05,remote
706,31,2024-12-06,
707,120,2024-12-07,present
708,99,2024-12-08,
709,374,2024-12-09,present
710,128,2024-12-10,present
711,347,2024-12-11,absent
712,224,2024-12-12,present
713,109,2024-12-13,
714,238,2024-12-14,
715,119,2024-12-15,remote
716,78,2024-12-16,
717,32,2024-12-17,
718,77,2024-12-18,
719,36,2024-12-19,remote
720,459,2024-12-20,absent
721,193,2024-12-21,remote
722,71,2024-12-22,
723,141,2024-12-23,present
724,88,2024-12-24,
725,437,2024-12-25,remote
726,82,2024-12-26,absent
727,85,2024-12-27,absent
728,352,2024-12-28,absent
729,492,2024-12-29,
730,148,2024-12-30,present
731,27,2024-12-31,absent
732,435,2025-01-01,absent
733,421,2025-01-02,absent
734,421,2025-01-03,present
735,350,2025-01-04,present
736,125,2025-01-05,absent
737,381,2025-01-06,absent
738,129,2025-01-07,present
739,291,2025-01-08,absent
740,244,2025-01-09,present
741,140,2025-01-10,absent
742,460,2025-01-11,
743,456,2025-01-12,present
744,380,2025-01-13,present
745,360,2025-01-14,present
746,225,2025-01-15,absent
747,312,2025-01-16,
748,244,2025-01-17,absent
749,295,2025-01-18,present
750,166,2025-01-19,absent
751,204,2025-01-20,present
752,165,2025-01-21,remote
753,249,2025-01-22,present
754,71,2025-01-23,absent
755,100,2025-01-24,present
756,220,2025-01-25,absent
757,397,2025-01-26,present
758,30,2025-01-27,remote
759,303,2025-01-28,absent
760,301,2025-01-29,remote
761,356,2025-01-30,present
762,273,2025-01-31,remote
763,186,2025-02-01,present
764,337,2025-02-02,absent
765,400,2025-02-03,absent
766,90,2025-02-04,absent
767,50,2025-02-05,present
768,44,2025-02-06,absent
769,46,2025-02-07,absent
770,216,2025-02-08,absent
771,328,2025-02-09,
772,378,2025-02-10,remote
773,327,2025-02-11,
774,378,2025-02-12,
775,485,2025-02-13,
776,337,2025-02-14,absent
777,133,2025-02-15,
778,498,2025-02-16,present
779,29,2025-02-17,absent
780,214,2025-02-18,
781,377,2025-02-19,present
782,326,2025-02-20,present
783,319,2025-02-21,
784,108,2025-02-22,remote
785,197,2025-02-23,present
786,57,2025-02-24,
787,400,2025-02-25,remote
788,451,2025-02-26,remote
789,276,2025-02-27,present
790,384,2025-02-28,absent
791,85,2025-03-01,remote
792,182,2025-03-02,present
793,18,2025-03-03,remote
794,468,2025-03-04,
795,22,2025-03-05,present
796,336,2025-03-06,present
797,202,2025-03-07,present
798,374,2025-03-08,
799,496,2025-03-09,absent
800,259,2025-03-10,remote
801,207,2025-03-11,remote
802,93,2025-03-12,absent
803,222,2025-03-13,remote
804,485,2025-03-14,remote
805,265,2025-03-15,remote
806,221,2025-03-16,present
807,195,2025-03-17,present
808,292,2025-03-18,present
809,109,2025-03-19,remote
810,438,2025-03-20,absent
811,357,2025-03-21,remote
812,126,2025-03-22,absent
813,455,2025-03-23,present
814,487,2025-03-24,present
815,282,2025-03-25,absent
816,392,2025-03-26,absent
817,107,2025-03-27,present
818,202,2025-03-28,absent
819,25,2025-03-29,present
820,33,2025-03-30,
821,265,2025-03-31,absent
822,439,2025-04-01,remote
823,234,2025-04-02,
824,54,2025-04-03,remote
825,277,2025-04-04,remote
826,271,2025-04-05,absent
827,314,2025-04-06,present
828,304,2025-04-07,present
829,277,2025-04-08,absent
830,453,2025-04-09,present
831,356,2025-04-10,
832,37,2025-04-11,present
833,12,2025-04-12,remote
834,84,2025-04-13,present
835,137,2025-04-14,absent
836,332,2025-04-15,
837,478,2025-04-16,
838,200,2025-04-17,
839,296,2025-04-18,remote
840,4,2025-04-19,absent
841,213,2025-04-20,remote
842,296,2025-04-21,remote
843,483,2025-04-22,absent
844,63,2025-04-23,remote
845,17,2025-04-24,present
846,6,2025-04-25,absent
847,376,2025-04-26,
848,124,2025-04-27,absent
849,188,2025-04-28,present
850,145,2025-04-29,absent
851,224,2025-04-30,absent
852,274,2025-05-01,remote
853,243,2025-05-02,absent
854,326,2025-05-03,absent
855,310,2025-05-04,present
856,477,2025-05-05,remote
857,222,2025-05-06,remote
858,378,2025-05-07,present
859,264,2025-05-08,remote
860,49,2025-05-09,absent
861,361,2025-05-10,
862,162,2025-05-11,remote
863,496,2025-05-12,present
864,250,2025-05-13,remote
865,150,2025-05-14,
866,263,2025-05-15,present
867,339,2025-05-16,absent
868,205,2025-05-17,remote
869,401,2025-05-18,absent
870,344,2025-05-19,absent
871,263,2025-05-20,remote
872,448,2025-05-21,absent
873,300,2025-05-22,remote
874,113,2025-05-23,
875,31,2025-05-24,remote
876,252,2025-05-25,absent
877,227,2025-05-26,remote
878,115,2025-05-27,present
879,277,2025-05-28,
880,223,2025-05-29,absent
881,293,2025-05-30,remote
882,265,2025-05-31,
883,97,2025-06-01,remote
884,454,2025-06-02,
885,68,2025-06-03,
886,8,2025-06-04,present
887,38,2025-06-05,
888,227,2025-06-06,present
889,468,2025-06-07,present
890,27,2025-06-08,
891,71,2025-06-09,remote
892,28,2025-06-10,absent
893,498,2025-06-11,absent
894,346,2025-06-12,remote
895,190,2025-06-13,remote
896,221,2025-06-14,present
897,37,2025-06-15,remote
898,49,2025-06-16,absent
899,370,2025-06-17,present
900,202,2025-06-18,absent
901,423,2025-06-19,present
902,389,2025-06-20,absent
903,37,2025-06-21,remote
904,71,2025-06-22,remote
905,483,2025-06-23,present
906,254,2025-06-24,absent
907,273,2025-06-25,present
908,418,2025-06-26,
909,194,2025-06-27,remote
910,116,2025-06-28,present
911,482,2025-06-29,absent
912,433,2025-06-30,remote
913,443,2025-07-01,remote
914,202,2025-07-02,
915,244,2025-07-03,remote
916,196,2025-07-04,absent
917,225,2025-07-05,present
918,15,2025-07-06,
919,237,2025-07-07,present
920,211,2025-07-08,remote
921,28,2025-07-09,absent
922,370,2025-07-10,absent
923,203,2025-07-11,present
924,56,2025-07-12,
925,434,2025-07-13,present
926,110,2025-07-14,remote
927,421,2025-07-15,
928,263,2025-07-16,present
929,318,2025-07-17,absent
930,242,2025-07-18,present
931,445,2025-07-19,absent
932,412,2025-07-20,absent
933,482,2025-07-21,absent
934,226,2025-07-22,present
935,334,2025-07-23,absent
936,190,2025-07-24,
937,94,2025-07-25,
938,344,2025-07-26,remote
939,496,2025-07-27,remote
940,134,2025-07-28,
941,188,2025-07-29,absent
942,286,2025-07-30,remote
943,484,2025-07-31,
944,319,2025-08-01,present
945,35,2025-08-02,absent
946,438,2025-08-03,present
947,149,2025-08-04,absent
948,21,2025-08-05,present
949,270,2025-08-06,
950,42,2025-08-07,present
951,329,2025-08-08,remote
952,49,2025-08-09,present
953,493,2025-08-10,present
954,395,2025-08-11,present
955,36,2025-08-12,absent
956,152,2025-08-13,absent
957,491,2025-08-14,
958,148,2025-08-15,present
959,98,2025-08-16,absent
960,164,2025-08-17,absent
961,185,2025-08-18,absent
962,42,2025-08-19,
963,421,2025-08-20,absent
964,217,2025-08-21,remote
965,429,2025-08-22,present
966,379,2025-08-23,remote
967,443,2025-08-24,absent
968,265,2025-08-25,
969,285,2025-08-26,absent
970,470,2025-08-27,absent
971,455,2025-08-28,remote
972,15,2025-08-29,remote
973,269,2025-08-30,
974,219,2025-08-31,absent
975,344,2025-09-01,
976,407,2025-09-02,remote
977,271,2025-09-03,remote
978,100,2025-09-04,
979,388,2025-09-05,present
980,429,2025-09-06,present
981,154,2025-09-07,remote
982,396,2025-09-08,
983,106,2025-09-09,
984,128,2025-09-10,present
985,314,2025-09-11,present
986,71,2025-09-12,
987,223,2025-09-13,absent
988,179,2025-09-14,
989,387,2025-09-15,
990,5,2025-09-16,present
991,179,2025-09-17,present
992,34,2025-09-18,present
993,312,2025-09-19,remote
994,147,2025-09-20,remote
995,267,2025-09-21,absent
996,304,2025-09-22,
997,162,2025-09-23,
998,93,2025-09-24,present
999,349,2025-09-25,remote
1000,472,2025-09-26,absent
1001,450,2025-09-27,
1002,438,2025-09-28,present
1003,314,2025-09-29,
1004,324,2025-09-30,
1005,225,2025-10-01,absent
1006,63,2025-10-02,absent
1007,241,2025-10-03,absent
1008,203,2025-10-04,present
1009,460,2025-10-05,present
1010,364,2025-10-06,present
1011,52,2025-10-07,present
1012,499,2025-10-08,remote
1013,14,2025-10-09,remote
1014,408,2025-10-10,
1015,124,2025-10-11,
1016,14,2025-10-12,absent
1017,34,2025-10-13,absent
1018,407,2025-10-14,
1019,165,2025-10-15,absent
1020,72,2025-10-16,remote
1021,447,2025-10-17,
1022,384,2025-10-18,present
1023,136,2025-10-19,remote
1024,270,2025-10-20,absent
1025,354,2025-10-21,remote
1026,95,2025-10-22,
1027,449,2025-10-23,absent
1028,321,2025-10-24,present
1029,409,2025-10-25,remote
1030,178,2025-10-26,remote
1031,27,2025-10-27,
1032,421,2025-10-28,absent
1033,347,2025-10-29,absent
1034,18,2025-10-30,absent
1035,203,2025-10-31,present
1036,338,2025-11-01,present
1037,355,2025-11-02,
1038,487,2025-11-03,
1039,208,2025-11-04,present
1040,133,2025-11-05,present
1041,181,2025-11-06,remote
1042,484,2025-11-07,remote
1043,435,2025-11-08,
1044,342,2025-11-09,remote
1045,44,2025-11-10,
1046,315,2025-11-11,remote
1047,352,2025-11-12,remote
1048,364,2025-11-13,
1049,442,2025-11-14,present
1050,39,2025-11-15,absent
1051,171,2025-11-16,present
1052,450,2025-11-17,
1053,4,2025-11-18,remote
1054,39,2025-11-19,absent
1055,444,2025-11-20,
1056,401,2025-11-21,present
1057,157,2025-11-22,present
1058,376,2025-11-23,present
1059,227,2025-11-24,present
1060,283,2025-11-25,absent
1061,39,2025-11-26,
1062,340,2025-11-27,present
1063,143,2025-11-28,remote
1064,286,2025-11-29,absent
1065,495,2025-11-30,absent
1066,3,2025-12-01,present
1067,51,2025-12-02,
1068,428,2025-12-03,remote
1069,215,2025-12-04,absent
1070,90,2025-12-05,present
1071,220,2025-12-06,present
1072,383,2025-12-07,absent
1073,214,2025-12-08,remote
1074,435,2025-12-09,remote
1075,479,2025-12-10,absent
1076,39,2025-12-11,absent
1077,444,2025-12-12,remote
1078,215,2025-12-13,remote
1079,281,2025-12-14,absent
1080,385,2025-12-15,present
1081,58,2025-12-16,absent
1082,361,2025-12-17,
1083,214,2025-12-18,remote
1084,69,2025-12-19,absent
1085,335,2025-12-20,present
1086,250,2025-12-21,
1087,174,2025-12-22,absent
1088,198,2025-12-23,present
1089,176,2025-12-24,remote
1090,407,2025-12-25,
1091,196,2025-12-26,remote
1092,140,2025-12-27,present
1093,180,2025-12-28,
1094,321,2025-12-29,
1095,259,2025-12-30,present
1096,239,2025-12-31,
1097,283,2026-01-01,present
1098,43,2026-01-02,absent
1099,187,2026-01-03,present
1100,219,2026-01-04,remote
1101,316,2026-01-05,absent
1102,419,2026-01-06,present
1103,471,2026-01-07,present
1104,275,2026-01-08,present
1105,167,2026-01-09,remote
1106,441,2026-01-10,remote
1107,367,2026-01-11,
1108,327,2026-01-12,absent
1109,64,2026-01-13,present
1110,241,2026-01-14,present
1111,26,2026-01-15,absent
1112,362,2026-01-16,remote
1113,307,2026-01-17,remote
1114,329,2026-01-18,remote
1115,308,2026-01-19,
1116,145,2026-01-20,absent
1117,377,2026-01-21,present
1118,148,2026-01-22,absent
1119,71,2026-01-23,absent
1120,225,2026-01-24,absent
1121,148,2026-01-25,
1122,397,2026-01-26,remote
1123,412,2026-01-27,remote
1124,238,2026-01-28,
1125,440,2026-01-29,
1126,373,2026-01-30,
1127,500,2026-01-31,remote
1128,382,2026-02-01,absent
1129,132,2026-02-02,absent
1130,30,2026-02-03,present
1131,257,2026-02-04,absent
1132,452,2026-02-05,remote
1133,40,2026-02-06,remote
1134,372,2026-02-07,absent
1135,114,2026-02-08,
1136,152,2026-02-09,present
1137,316,2026-02-10,present
1138,225,2026-02-11,
1139,93,2026-02-12,absent
1140,343,2026-02-13,present
1141,471,2026-02-14,
1142,301,2026-02-15,absent
1143,427,2026-02-16,absent
1144,175,2026-02-17,absent
1145,22,2026-02-18,
1146,13,2026-02-19,present
1147,251,2026-02-20,present
1148,43,2026-02-21,present
1149,390,2026-02-22,absent
1150,493,2026-02-23,present
1151,280,2026-02-24,remote
1152,267,2026-02-25,
1153,161,2026-02-26,
1154,326,2026-02-27,absent
1155,165,2026-02-28,present
1156,329,2026-03-01,remote
1157,497,2026-03-02,remote
1158,405,2026-03-03,remote
1159,400,2026-03-04,
1160,31,2026-03-05,present
1161,386,2026-03-06,present
1162,272,2026-03-07,absent
1163,267,2026-03-08,remote
1164,284,2026-03-09,remote
1165,293,2026-03-10,remote
1166,212,2026-03-11,remote
1167,291,2026-03-12,
1168,84,2026-03-13,absent
1169,205,2026-03-14,present
1170,170,2026-03-15,
1171,465,2026-03-16,absent
1172,241,2026-03-17,absent
1173,307,2026-03-18,absent
1174,115,2026-03-19,absent
1175,300,2026-03-20,present
1176,164,2026-03-21,
1177,338,2026-03-22,present
1178,437,2026-03-23,present
1179,455,2026-03-24,remote
1180,380,2026-03-25,present
1181,497,2026-03-26,present
1182,340,2026-03-27,
1183,479,2026-03-28,remote
1184,223,2026-03-29,remote
1185,327,2026-03-30,present
1186,338,2026-03-31,remote
1187,334,2026-04-01,
1188,490,2026-04-02,remote
1189,477,2026-04-03,
1190,223,2026-04-04,remote
1191,116,2026-04-05,
1192,246,2026-04-06,
1193,211,2026-04-07,present
1194,329,2026-04-08,absent
1195,118,2026-04-09,present
1196,286,2026-04-10,
1197,240,2026-04-11,absent
1198,276,2026-04-12,present
1199,302,2026-04-13,remote
1200,33,2026-04-14,remote
1201,350,2026-04-15,remote
1202,184,2026-04-16,remote
1203,346,2026-04-17,present
1204,392,2026-04-18,
1205,308,2026-04-19,
1206,271,2026-04-20,remote
1207,294,2026-04-21,remote
1208,72,2026-04-22,absent
1209,41,2026-04-23,
1210,276,2026-04-24,
1211,225,2026-04-25,present
1212,59,2026-04-26,remote
1213,454,2026-04-27,remote
1214,384,2026-04-28,remote
1215,446,2026-04-29,absent
1216,403,2026-04-30,present
1217,304,2026-05-01,absent
1218,133,2026-05-02,absent
1219,272,2026-05-03,
1220,261,2026-05-04,remote
1221,411,2026-05-05,remote
1222,241,2026-05-06,remote
1223,250,2026-05-07,present
1224,418,2026-05-08,remote
1225,423,2026-05-09,absent
1226,311,2026-05-10,
1227,464,2026-05-11,
1228,333,2026-05-12,remote
1229,91,2026-05-13,absent
1230,180,2026-05-14,present
1231,91,2026-05-15,remote
1232,321,2026-05-16,present
1233,338,2026-05-17,present
1234,368,2026-05-18,
1235,362,2026-05-19,present
1236,437,2026-05-20,
1237,374,2026-05-21,
1238,303,2026-05-22,present
1239,159,2026-05-23,remote
1240,362,2026-05-24,
1241,355,2026-05-25,remote
1242,202,2026-05-26,remote
1243,242,2026-05-27,
1244,315,2026-05-28,absent
1245,337,2026-05-29,
1246,493,2026-05-30,remote
1247,129,2026-05-31,
1248,297,2026-06-01,present
1249,148,2026-06-02,
1250,231,2026-06-03,present
1251,256,2026-06-04,absent
1252,274,2026-06-05,remote
1253,358,2026-06-06,remote
1254,204,2026-06-07,
1255,284,2026-06-08,remote
1256,10,2026-06-09,remote
1257,68,2026-06-10,
1258,165,2026-06-11,present
1259,357,2026-06-12,absent
1260,495,2026-06-13,absent
1261,86,2026-06-14,remote
1262,477,2026-06-15,present
1263,202,2026-06-16,
1264,160,2026-06-17,
1265,12,2026-06-18,present
1266,332,2026-06-19,absent
1267,405,2026-06-20,remote
1268,475,2026-06-21,present
1269,317,2026-06-22,absent
1270,366,2026-06-23,absent
1271,378,2026-06-24,present
1272,265,2026-06-25,present
1273,220,2026-06-26,present
1274,420,2026-06-27,
1275,127,2026-06-28,
1276,152,2026-06-29,
1277,173,2026-06-30,absent
1278,457,2026-07-01,present
1279,137,2026-07-02,remote
1280,376,2026-07-03,
1281,380,2026-07-04,absent
1282,212,2026-07-05,present
1283,104,2026-07-06,remote
1284,261,2026-07-07,absent
1285,299,2026-07-08,present
1286,469,2026-07-09,present
1287,130,2026-07-10,present
1288,414,2026-07-11,remote
1289,157,2026-07-12,
1290,89,2026-07-13,present
1291,209,2026-07-14,absent
1292,171,2026-07-15,absent
1293,261,2026-07-16,
1294,101,2026-07-17,
1295,151,2026-07-18,remote
1296,330,2026-07-19,remote
1297,300,2026-07-20,absent
1298,308,2026-07-21,absent
1299,250,2026-07-22,present
1300,420,2026-07-23,remote
1301,165,2026-07-24,absent
1302,461,2026-07-25,present
1303,187,2026-07-26,present
1304,462,2026-07-27,
1305,81,2026-07-28,
1306,472,2026-07-29,present
1307,313,2026-07-30,absent
1308,454,2026-07-31,
1309,23,2026-08-01,
1310,190,2026-08-02,
1311,157,2026-08-03,absent
1312,313,2026-08-04,present
1313,386,2026-08-05,absent
1314,217,2026-08-06,remote
1315,169,2026-08-07,remote
1316,388,2026-08-08,
1317,281,2026-08-09,remote
1318,157,2026-08-10,
1319,469,2026-08-11,remote
1320,457,2026-08-12,present
1321,260,2026-08-13,absent
1322,314,2026-08-14,remote
1323,160,2026-08-15,remote
1324,489,2026-08-16,absent
1325,452,2026-08-17,present
1326,391,2026-08-18,present
1327,22,2026-08-19,absent
1328,240,2026-08-20,remote
1329,412,2026-08-21,
1330,492,2026-08-22,absent
1331,138,2026-08-23,absent
1332,64,2026-08-24,remote
1333,97,2026-08-25,present
1334,369,2026-08-26,
1335,121,2026-08-27,absent
1336,249,2026-08-28,remote
1337,452,2026-08-29,remote
1338,188,2026-08-30,
1339,110,2026-08-31,remote
1340,119,2026-09-01,present
1341,360,2026-09-02,present
1342,453,2026-09-03,remote
1343,493,2026-09-04,absent
1344,260,2026-09-05,absent
1345,468,2026-09-06,remote
1346,420,2026-09-07,present
1347,361,2026-09-08,absent
1348,344,2026-09-09,remote
1349,83,2026-09-10,
1350,180,2026-09-11,present
1351,95,2026-09-12,present
1352,353,2026-09-13,
1353,391,2026-09-14,remote
1354,354,2026-09-15,remote
1355,464,2026-09-16,
1356,403,2026-09-17,present
1357,486,2026-09-18,
1358,246,2026-09-19,
1359,290,2026-09-20,remote
1360,377,2026-09-21,present
1361,270,2026-09-22,present
1362,226,2026-09-23,absent
1363,68,2026-09-24,remote
1364,61,2026-09-25,absent
1365,370,2026-09-26,
1366,324,2026-09-27,present
1367,385,2026-09-28,
1368,253,2026-09-29,
1369,182,2026-09-30,
1370,280,2026-10-01,
1371,488,2026-10-02,remote
1372,413,2026-10-03,
1373,133,2026-10-04,
1374,472,2026-10-05,remote
1375,221,2026-10-06,
1376,93,2026-10-07,
1377,15,2026-10-08,remote
1378,400,2026-10-09,remote
1379,63,2026-10-10,
1380,157,2026-10-11,absent
1381,199,2026-10-12,remote
1382,479,2026-10-13,absent
1383,453,2026-10-14,remote
1384,304,2026-10-15,absent
1385,473,2026-10-16,remote
1386,337,2026-10-17,
1387,96,2026-10-18,remote
1388,342,2026-10-19,present
1389,98,2026-10-20,
1390,274,2026-10-21,remote
1391,296,2026-10-22,remote
1392,354,2026-10-23,absent
1393,397,2026-10-24,present
1394,245,2026-10-25,
1395,165,2026-10-26,present
1396,269,2026-10-27,absent
1397,286,2026-10-28,present
1398,257,2026-10-29,remote
1399,70,2026-10-30,remote
1400,388,2026-10-31,absent
1401,352,2026-11-01,
1402,305,2026-11-02,present
1403,123,2026-11-03,
1404,253,2026-11-04,present
1405,197,2026-11-05,remote
1406,486,2026-11-06,
1407,468,2026-11-07,
1408,63,2026-11-08,present
1409,69,2026-11-09,absent
1410,221,2026-11-10,present
1411,266,2026-11-11,absent
1412,90,2026-11-12,absent
1413,342,2026-11-13,present
1414,457,2026-11-14,present
1415,3,2026-11-15,
1416,313,2026-11-16,absent
1417,353,2026-11-17,present
1418,60,2026-11-18,remote
1419,123,2026-11-19,remote
1420,119,2026-11-20,remote
1421,251,2026-11-21,absent
1422,91,2026-11-22,
1423,420,2026-11-23,remote
1424,177,2026-11-24,
1425,236,2026-11-25,present
1426,19,2026-11-26,present
1427,95,2026-11-27,
1428,230,2026-11-28,present
1429,241,2026-11-29,remote
1430,260,2026-11-30,
1431,368,2026-12-01,
1432,274,2026-12-02,absent
1433,267,2026-12-03,
1434,172,2026-12-04,
1435,101,2026-12-05,absent
1436,270,2026-12-06,present
1437,395,2026-12-07,absent
1438,216,2026-12-08,absent
1439,414,2026-12-09,absent
1440,414,2026-12-10,remote
1441,348,2026-12-11,
1442,101,2026-12-12,remote
1443,471,2026-12-13,absent
1444,152,2026-12-14,
1445,36,2026-12-15,
1446,460,2026-12-16,remote
1447,243,2026-12-17,present
1448,362,2026-12-18,present
1449,256,2026-12-19,absent
1450,58,2026-12-20,absent
1451,363,2026-12-21,present
1452,63,2026-12-22,
1453,237,2026-12-23,
1454,337,2026-12-24,present
1455,16,2026-12-25,present
1456,216,2026-12-26,absent
1457,76,2026-12-27,absent
1458,229,2026-12-28,
1459,164,2026-12-29,remote
1460,197,2026-12-30,absent
1461,175,2026-12-31,absent
1462,13,2027-01-01,
1463,166,2027-01-02,
1464,376,2027-01-03,present
1465,254,2027-01-04,absent
1466,309,2027-01-05,remote
1467,479,2027-01-06,absent
1468,316,2027-01-07,
1469,208,2027-01-08,remote
1470,1,2027-01-09,
1471,83,2027-01-10,remote
1472,307,2027-01-11,present
1473,24,2027-01-12,absent
1474,437,2027-01-13,present
1475,251,2027-01-14,
1476,134,2027-01-15,present
1477,284,2027-01-16,present
1478,202,2027-01-17,
1479,78,2027-01-18,remote
1480,157,2027-01-19,absent
1481,79,2027-01-20,
1482,422,2027-01-21,
1483,45,2027-01-22,remote
1484,68,2027-01-23,remote
1485,415,2027-01-24,
1486,305,2027-01-25,remote
1487,157,2027-01-26,absent
1488,120,2027-01-27,present
1489,214,2027-01-28,absent
1490,190,2027-01-29,present
1491,486,2027-01-30,remote
1492,161,2027-01-31,remote
1493,315,2027-02-01,remote
1494,436,2027-02-02,present
1495,450,2027-02-03,remote
1496,55,2027-02-04,remote
1497,492,2027-02-05,absent
1498,482,2027-02-06,present
1499,341,2027-02-07,remote
1500,138,2027-02-08,absent
1501,258,2027-02-09,
1502,70,2027-02-10,
1503,109,2027-02-11,remote
1504,245,2027-02-12,
1505,74,2027-02-13,present
1506,14,2027-02-14,present
1507,500,2027-02-15,
1508,344,2027-02-16,absent
1509,465,2027-02-17,remote
1510,453,2027-02-18,
1511,197,2027-02-19,
1512,380,2027-02-20,absent
1513,281,2027-02-21,
1514,260,2027-02-22,
1515,449,2027-02-23,absent
1516,91,2027-02-24,absent
1517,467,2027-02-25,absent
1518,371,2027-02-26,absent
1519,441,2027-02-27,remote
1520,122,2027-02-28,absent
1521,132,2027-03-01,remote
1522,184,2027-03-02,
1523,307,2027-03-03,present
1524,194,2027-03-04,
1525,135,2027-03-05,remote
1526,401,2027-03-06,present
1527,408,2027-03-07,present
1528,285,2027-03-08,
1529,224,2027-03-09,
1530,448,2027-03-10,
1531,218,2027-03-11,absent
1532,201,2027-03-12,remote
1533,324,2027-03-13,remote
1534,9,2027-03-14,remote
1535,286,2027-03-15,
1536,159,2027-03-16,
1537,165,2027-03-17,
1538,80,2027-03-18,absent
1539,456,2027-03-19,absent
1540,440,2027-03-20,remote
1541,439,2027-03-21,remote
1542,306,2027-03-22,present
1543,157,2027-03-23,present
1544,383,2027-03-24,absent
1545,386,2027-03-25,present
1546,420,2027-03-26,remote
1547,107,2027-03-27,remote
1548,410,2027-03-28,present
1549,436,2027-03-29,absent
1550,482,2027-03-30,
1551,155,2027-03-31,absent
1552,211,2027-04-01,remote
1553,408,2027-04-02,present
1554,64,2027-04-03,remote
1555,309,2027-04-04,present
1556,358,2027-04-05,absent
1557,36,2027-04-06,remote
1558,398,2027-04-07,remote
1559,385,2027-04-08,remote
1560,378,2027-04-09,absent
1561,299,2027-04-10,
1562,151,2027-04-11,remote
1563,498,2027-04-12,remote
1564,405,2027-04-13,present
1565,183,2027-04-14,absent
1566,139,2027-04-15,present
1567,393,2027-04-16,absent
1568,116,2027-04-17,
1569,184,2027-04-18,absent
1570,99,2027-04-19,
1571,139,2027-04-20,present
1572,368,2027-04-21,present
1573,107,2027-04-22,absent
1574,331,2027-04-23,absent
1575,10,2027-04-24,
1576,143,2027-04-25,absent
1577,203,2027-04-26,absent
1578,195,2027-04-27,absent
1579,299,2027-04-28,absent
1580,402,2027-04-29,present
1581,1,2027-04-30,
1582,288,2027-05-01,
1583,159,2027-05-02,present
1584,497,2027-05-03,remote
1585,476,2027-05-04,remote
1586,372,2027-05-05,remote
1587,35,2027-05-06,
1588,2,2027-05-07,remote
1589,127,2027-05-08,present
1590,381,2027-05-09,
1591,164,2027-05-10,present
1592,387,2027-05-11,absent
1593,430,2027-05-12,remote
1594,52,2027-05-13,present
1595,42,2027-05-14,remote
1596,401,2027-05-15,remote
1597,368,2027-05-16,
1598,27,2027-05-17,present
1599,175,2027-05-18,absent
1600,94,2027-05-19,remote
1601,247,2027-05-20,present
1602,53,2027-05-21,
1603,42,2027-05-22,present
1604,92,2027-05-23,present
1605,129,2027-05-24,remote
1606,233,2027-05-25,remote
1607,396,2027-05-26,remote
1608,246,2027-05-27,remote
1609,178,2027-05-28,present
1610,230,2027-05-29,absent
1611,105,2027-05-30,absent
1612,175,2027-05-31,remote
1613,255,2027-06-01,remote
1614,391,2027-06-02,
1615,333,2027-06-03,absent
1616,357,2027-06-04,
1617,281,2027-06-05,
1618,265,2027-06-06,
1619,84,2027-06-07,present
1620,186,2027-06-08,remote
1621,134,2027-06-09,absent
1622,473,2027-06-10,remote
1623,191,2027-06-11,present
1624,209,2027-06-12,
1625,257,2027-06-13,present
1626,253,2027-06-14,absent
1627,496,2027-06-15,
1628,308,2027-06-16,
1629,230,2027-06-17,remote
1630,438,2027-06-18,absent
1631,45,2027-06-19,present
1632,280,2027-06-20,present
1633,196,2027-06-21,absent
1634,226,2027-06-22,
1635,425,2027-06-23,remote
1636,355,2027-06-24,absent
1637,314,2027-06-25,remote
1638,410,2027-06-26,present
1639,419,2027-06-27,present
1640,305,2027-06-28,
1641,70,2027-06-29,
1642,336,2027-06-30,absent
1643,74,2027-07-01,
1644,106,2027-07-02,remote
1645,408,2027-07-03,
1646,79,2027-07-04,absent
1647,239,2027-07-05,
1648,223,2027-07-06,remote
1649,49,2027-07-07,
1650,5,2027-07-08,remote
1651,172,2027-07-09,present
1652,486,2027-07-10,absent
1653,52,2027-07-11,absent
1654,306,2027-07-12,absent
1655,157,2027-07-13,
1656,148,2027-07-14,present
1657,273,2027-07-15,present
1658,444,2027-07-16,present
1659,160,2027-07-17,absent
1660,202,2027-07-18,remote
1661,481,2027-07-19,remote
1662,200,2027-07-20,remote
1663,431,2027-07-21,absent
1664,75,2027-07-22,present
1665,78,2027-07-23,
1666,38,2027-07-24,absent
1667,234,2027-07-25,
1668,349,2027-07-26,remote
1669,304,2027-07-27,present
1670,336,2027-07-28,
1671,447,2027-07-29,
1672,392,2027-07-30,
1673,52,2027-07-31,
1674,350,2027-08-01,present
1675,469,2027-08-02,present
1676,443,2027-08-03,
1677,312,2027-08-04,present
1678,116,2027-08-05,
1679,71,2027-08-06,remote
1680,136,2027-08-07,remote
1681,11,2027-08-08,absent
1682,451,2027-08-09,present
1683,84,2027-08-10,absent
1684,318,2027-08-11,
1685,171,2027-08-12,absent
1686,68,2027-08-13,remote
1687,422,2027-08-14,present
1688,201,2027-08-15,present
1689,373,2027-08-16,absent
1690,122,2027-08-17,present
1691,485,2027-08-18,remote
1692,475,2027-08-19,present
1693,335,2027-08-20,remote
1694,390,2027-08-21,remote
1695,290,2027-08-22,remote
1696,30,2027-08-23,absent
1697,461,2027-08-24,remote
1698,465,2027-08-25,present
1699,26,2027-08-26,present
1700,271,2027-08-27,absent
1701,466,2027-08-28,remote
1702,52,2027-08-29,absent
1703,453,2027-08-30,absent
1704,124,2027-08-31,present
1705,408,2027-09-01,remote
1706,63,2027-09-02,remote
1707,29,2027-09-03,absent
1708,297,2027-09-04,present
1709,59,2027-09-05,present
1710,54,2027-09-06,
1711,202,2027-09-07,remote
1712,423,2027-09-08,present
1713,156,2027-09-09,remote
1714,396,2027-09-10,
1715,470,2027-09-11,remote
1716,114,2027-09-12,absent
1717,439,2027-09-13,
1718,44,2027-09-14,remote
1719,459,2027-09-15,absent
1720,395,2027-09-16,absent
1721,162,2027-09-17,present
1722,122,2027-09-18,absent
1723,383,2027-09-19,absent
1724,192,2027-09-20,remote
1725,5,2027-09-21,remote
1726,13,2027-09-22,
1727,217,2027-09-23,remote
1728,65,2027-09-24,present
1729,213,2027-09-25,present
1730,266,2027-09-26,absent
1731,374,2027-09-27,remote
1732,239,2027-09-28,remote
1733,316,2027-09-29,present
1734,465,2027-09-30,present
1735,161,2027-10-01,present
1736,70,2027-10-02,absent
1737,342,2027-10-03,
1738,41,2027-10-04,
1739,334,2027-10-05,absent
1740,344,2027-10-06,present
1741,226,2027-10-07,remote
1742,438,2027-10-08,absent
1743,86,2027-10-09,absent
1744,181,2027-10-10,remote
1745,128,2027-10-11,remote
1746,83,2027-10-12,
1747,327,2027-10-13,absent
1748,53,2027-10-14,
1749,475,2027-10-15,
1750,129,2027-10-16,absent
1751,417,2027-10-17,absent
1752,417,2027-10-18,remote
1753,244,2027-10-19,present
1754,162,2027-10-20,
1755,148,2027-10-21,absent
1756,236,2027-10-22,
1757,437,2027-10-23,absent
1758,145,2027-10-24,present
1759,198,2027-10-25,
1760,425,2027-10-26,present
1761,87,2027-10-27,absent
1762,305,2027-10-28,present
1763,201,2027-10-29,present
1764,204,2027-10-30,
1765,261,2027-10-31,absent
1766,451,2027-11-01,remote
1767,86,2027-11-02,
1768,114,2027-11-03,
1769,104,2027-11-04,
1770,85,2027-11-05,remote
1771,230,2027-11-06,
1772,463,2027-11-07,present
1773,466,2027-11-08,absent
1774,192,2027-11-09,present
1775,316,2027-11-10,
1776,72,2027-11-11,remote
1777,412,2027-11-12,remote
1778,188,2027-11-13,absent
1779,366,2027-11-14,present
1780,498,2027-11-15,remote
1781,453,2027-11-16,
1782,312,2027-11-17,absent
1783,118,2027-11-18,remote
1784,91,2027-11-19,remote
1785,225,2027-11-20,absent
1786,275,2027-11-21,present
1787,97,2027-11-22,present
1788,363,2027-11-23,absent
1789,276,2027-11-24,remote
1790,205,2027-11-25,absent
1791,422,2027-11-26,absent
1792,439,2027-11-27,present
1793,477,2027-11-28,absent
1794,460,2027-11-29,present
1795,305,2027-11-30,
1796,482,2027-12-01,
1797,47,2027-12-02,present
1798,385,2027-12-03,remote
1799,369,2027-12-04,remote
1800,37,2027-12-05,remote
1801,425,2027-12-06,absent
1802,26,2027-12-07,
1803,51,2027-12-08,remote
1804,348,2027-12-09,absent
1805,410,2027-12-10,
1806,56,2027-12-11,
1807,174,2027-12-12,absent
1808,317,2027-12-13,absent
1809,296,2027-12-14,absent
1810,171,2027-12-15,
1811,48,2027-12-16,present
1812,193,2027-12-17,
1813,187,2027-12-18,remote
1814,448,2027-12-19,
1815,387,2027-12-20,present
1816,315,2027-12-21,remote
1817,252,2027-12-22,absent
1818,336,2027-12-23,absent
1819,103,2027-12-24,remote
1820,200,2027-12-25,
1821,393,2027-12-26,present
1822,404,2027-12-27,absent
1823,434,2027-12-28,present
1824,322,2027-12-29,remote
1825,477,2027-12-30,present
1826,138,2027-12-31,present
1827,499,2028-01-01,remote
1828,163,2028-01-02,remote
1829,282,2028-01-03,remote
1830,491,2028-01-04,
1831,181,2028-01-05,absent
1832,473,2028-01-06,
1833,328,2028-01-07,remote
1834,327,2028-01-08,present
1835,300,2028-01-09,present
1836,150,2028-01-10,absent
1837,429,2028-01-11,present
1838,332,2028-01-12,present
1839,433,2028-01-13,absent
1840,52,2028-01-14,present
1841,157,2028-01-15,absent
1842,66,2028-01-16,absent
1843,435,2028-01-17,present
1844,68,2028-01-18,remote
1845,150,2028-01-19,present
1846,197,2028-01-20,
1847,314,2028-01-21,
1848,51,2028-01-22,
1849,402,2028-01-23,remote
1850,52,2028-01-24,
1851,228,2028-01-25,present
1852,372,2028-01-26,present
1853,33,2028-01-27,absent
1854,330,2028-01-28,
1855,347,2028-01-29,absent
1856,136,2028-01-30,present
1857,11,2028-01-31,
1858,254,2028-02-01,remote
1859,256,2028-02-02,absent
1860,139,2028-02-03,present
1861,190,2028-02-04,
1862,358,2028-02-05,present
1863,273,2028-02-06,present
1864,341,2028-02-07,remote
1865,144,2028-02-08,present
1866,262,2028-02-09,
1867,150,2028-02-10,remote
1868,390,2028-02-11,absent
1869,469,2028-02-12,remote
1870,440,2028-02-13,absent
1871,81,2028-02-14,absent
1872,483,2028-02-15,present
1873,196,2028-02-16,
1874,223,2028-02-17,absent
1875,314,2028-02-18,absent
1876,484,2028-02-19,
1877,26,2028-02-20,absent
1878,423,2028-02-21,
1879,6,2028-02-22,present
1880,371,2028-02-23,present
1881,145,2028-02-24,absent
1882,481,2028-02-25,
1883,442,2028-02-26,present
1884,234,2028-02-27,absent
1885,474,2028-02-28,present
1886,149,2028-02-29,present
1887,317,2028-03-01,present
1888,266,2028-03-02,
1889,285,2028-03-03,present
1890,470,2028-03-04,absent
1891,122,2028-03-05,absent
1892,135,2028-03-06,absent
1893,414,2028-03-07,present
1894,462,2028-03-08,remote
1895,176,2028-03-09,present
1896,264,2028-03-10,absent
1897,218,2028-03-11,absent
1898,90,2028-03-12,absent
1899,477,2028-03-13,present
1900,210,2028-03-14,
1901,267,2028-03-15,absent
1902,413,2028-03-16,
1903,278,2028-03-17,
1904,25,2028-03-18,absent
1905,402,2028-03-19,remote
1906,175,2028-03-20,
1907,302,2028-03-21,present
1908,177,2028-03-22,present
1909,47,2028-03-23,present
1910,5,2028-03-24,
1911,356,2028-03-25,remote
1912,261,2028-03-26,present
1913,93,2028-03-27,absent
1914,1,2028-03-28,
1915,260,2028-03-29,
1916,287,2028-03-30,
1917,293,2028-03-31,present
1918,410,2028-04-01,absent
1919,476,2028-04-02,
1920,345,2028-04-03,remote
1921,491,2028-04-04,present
1922,403,2028-04-05,absent
1923,69,2028-04-06,
1924,196,2028-04-07,absent
1925,276,2028-04-08,absent
1926,87,2028-04-09,absent
1927,153,2028-04-10,present
1928,183,2028-04-11,absent
1929,206,2028-04-12,present
1930,243,2028-04-13,
1931,25,2028-04-14,absent
1932,199,2028-04-15,
1933,493,2028-04-16,present
1934,406,2028-04-17,present
1935,164,2028-04-18,absent
1936,381,2028-04-19,absent
1937,178,2028-04-20,absent
1938,267,2028-04-21,
1939,346,2028-04-22,absent
1940,198,2028-04-23,absent
1941,18,2028-04-24,present
1942,88,2028-04-25,present
1943,399,2028-04-26,remote
1944,378,2028-04-27,
1945,455,2028-04-28,
1946,401,2028-04-29,absent
1947,452,2028-04-30,absent
1948,205,2028-05-01,present
1949,387,2028-05-02,
1950,153,2028-05-03,absent
1951,160,2028-05-04,
1952,79,2028-05-05,present
1953,96,2028-05-06,remote
1954,324,2028-05-07,present
1955,481,2028-05-08,
1956,171,2028-05-09,present
1957,66,2028-05-10,
1958,214,2028-05-11,
1959,38,2028-05-12,absent
1960,493,2028-05-13,remote
1961,9,2028-05-14,present
1962,344,2028-05-15,remote
1963,347,2028-05-16,remote
1964,104,2028-05-17,remote
1965,489,2028-05-18,remote
1966,299,2028-05-19,
1967,103,2028-05-20,absent
1968,229,2028-05-21,remote
1969,293,2028-05-22,remote
1970,287,2028-05-23,
1971,120,2028-05-24,absent
1972,278,2028-05-25,absent
1973,459,2028-05-26,remote
1974,424,2028-05-27,remote
1975,125,2028-05-28,
1976,282,2028-05-29,
1977,148,2028-05-30,absent
1978,248,2028-05-31,absent
1979,170,2028-06-01,present
1980,73,2028-06-02,absent
1981,478,2028-06-03,absent
1982,111,2028-06-04,remote
1983,226,2028-06-05,present
1984,460,2028-06-06,absent
1985,298,2028-06-07,absent
1986,356,2028-06-08,present
1987,177,2028-06-09,present
1988,58,2028-06-10,present
1989,9,2028-06-11,present
1990,225,2028-06-12,remote
1991,213,2028-06-13,
1992,235,2028-06-14,remote
1993,329,2028-06-15,
1994,167,2028-06-16,
1995,249,2028-06-17,present
1996,281,2028-06-18,
1997,98,2028-06-19,remote
1998,213,2028-06-20,absent
1999,99,2028-06-21,remote
2000,88,2028-06-22,remote
